{
  "users": {
    "916909137213@s.whatsapp.net": {
      "afkTime": -1,
      "afkReason": "",
      "limit": 12
    },
    "46731298305@s.whatsapp.net": {
      "afkTime": -1,
      "afkReason": "",
      "limit": 12
    },
    "919402104403@s.whatsapp.net": {
      "afkTime": -1,
      "afkReason": "",
      "limit": 12
    },
    "46731298303@s.whatsapp.net": {
      "afkTime": -1,
      "afkReason": "",
      "limit": 12
    },
    "447949553579@s.whatsapp.net": {
      "afkTime": -1,
      "afkReason": "",
      "limit": 12
    },
    "5491136736564@s.whatsapp.net": {
      "afkTime": -1,
      "afkReason": "",
      "limit": 12
    },
    "5492996557871@s.whatsapp.net": {
      "afkTime": -1,
      "afkReason": "",
      "limit": 12
    },
    "79152551477@s.whatsapp.net": {
      "afkTime": -1,
      "afkReason": ""
    },
    "79803213984@s.whatsapp.net": {
      "afkTime": -1,
      "afkReason": ""
    },
    "5491160477994@s.whatsapp.net": {
      "afkTime": -1,
      "afkReason": ""
    },
    "6283159844128@s.whatsapp.net": {
      "afkTime": -1,
      "afkReason": ""
    }
  },
  "chats": {
    "916909137213-1632759248@g.us": {
      "mute": false,
      "antilink": false
    },
    "6281545463585@s.whatsapp.net": {
      "mute": false,
      "antilink": false
    },
    "120363047626537933@g.us": {
      "mute": false,
      "antilink": false
    },
    "916909137213@s.whatsapp.net": {
      "mute": false,
      "antilink": false
    },
    "919402104403@s.whatsapp.net": {
      "mute": false,
      "antilink": false
    },
    "5492996557871@s.whatsapp.net": {
      "mute": false,
      "antilink": false
    },
    "447507232918@s.whatsapp.net": {
      "mute": false,
      "antilink": false
    },
    "12068959058@s.whatsapp.net": {
      "mute": false,
      "antilink": false
    },
    "5491136736564@s.whatsapp.net": {
      "mute": false,
      "antilink": false
    },
    "6285159406334@s.whatsapp.net": {
      "mute": false,
      "antilink": false
    },
    "120363026662269820@g.us": {
      "mute": false,
      "antilink": false
    },
    "447949553579@s.whatsapp.net": {
      "mute": false,
      "antilink": false
    },
    "79152551477@s.whatsapp.net": {
      "mute": false,
      "antilink": false
    },
    "5491160477994@s.whatsapp.net": {
      "mute": false,
      "antilink": false
    },
    "6283159844128@s.whatsapp.net": {
      "mute": false,
      "antilink": false
    }
  },
  "database": {},
  "game": {
    "tebaklagu": [],
    "family100": [],
    "math": [],
    "tebakgambar": [],
    "tebakkata": [],
    "lontong": [],
    "lontong_desk": [],
    "kalimat": [],
    "lirik": [],
    "tebakan": []
  },
  "settings": {
    "46731298305@s.whatsapp.net": {
      "status": 0,
      "autobio": false,
      "templateImage": true,
      "templateVideo": false,
      "templateGif": false,
      "templateMsg": false
    },
    "46731298303@s.whatsapp.net": {
      "status": 0,
      "autobio": false,
      "templateImage": true,
      "templateVideo": false,
      "templateGif": false,
      "templateMsg": false
    },
    "447949553579@s.whatsapp.net": {
      "status": 0,
      "autobio": false,
      "templateImage": true,
      "templateVideo": false,
      "templateGif": false,
      "templateMsg": false
    },
    "79803213984@s.whatsapp.net": {
      "status": 0,
      "autobio": false,
      "templateImage": true,
      "templateVideo": false,
      "templateGif": false,
      "templateMsg": false
    },
    "5491160477994@s.whatsapp.net": {
      "status": 0,
      "autobio": false,
      "templateImage": true,
      "templateVideo": false,
      "templateGif": false,
      "templateMsg": false
    },
    "6283159844128@s.whatsapp.net": {
      "status": 0,
      "autobio": false,
      "templateImage": true,
      "templateVideo": false,
      "templateGif": false,
      "templateMsg": false
    }
  },
  "others": {
    "vote": []
  },
  "sticker": {}
}